Position,Token Identifier,Address,Balance
1,WINTER-5bade0,erd1c2x73evg5dq3f5n4n6dpw9nu4gycdg4empjphwn33g9akqalzk3qhagq53,"80,000,000"
2,WINTER-5bade0,erd1z4cf4kw72ajkkdahdprp2e42fzldnkljngtvzxfxn26myyxw7nfq4rmvjm,"20,000"
3,WINTER-5bade0,erd1xm9lrlu9y5kmvfk9j3rdssnxrcz0r9tyxqp4enhgxteqrwlt5v4qucfpc6,"20,000"
1,WINTER-19817c,erd1uwjda6nulq8fk8v6zfyl7nphqqq86sd0k63yfnctjppv6evn044qwhfq2k,"80,000,000"
2,WINTER-19817c,erd1n5mw9qrdxapr7u9kf8v8m84xwqhf0npt88xd2dwh04xvd4ccgjcsmx9dr2,"20,000"
3,WINTER-19817c,erd1697297fn0356ksryh6xtedvjfas99cymkdr6f5cfgyyu0ryl5znszduq8q,"20,000"
1,WINTER-0387bf,erd18tzn48u64jvlgcy8rcuzu4nhqez6xlwzqm4s0kj9qxjzep02klpquxlmtr,"80,000,000"
2,WINTER-0387bf,erd1kyle4p6chlvj0u6fyds7wj47jqwq6kh9h083kw8j76254l8u49dqepfz86,"20,000"
3,WINTER-0387bf,erd194sdjy8anx3v38vmr7g7r034y4e0276wndf8u70dxe2zmnfjyddq6erkqa,"20,000"
1,WINTER-187bd2,erd1lj064fsgwcru0yr0rzlf02l9s7twtd7ef2v53l00hfcrk4hr7dfsglwy39,"80,000,000"
2,WINTER-187bd2,erd146zgxv6dv2x5d2cangu7r6flw8gv7ck2sjzf84l7lueh6h2lgg5s7ud0g8,"20,000"
3,WINTER-187bd2,erd1z57m6ze58mlxgk6xnmapgua5s4dxf55dz2za5m9wap26ddh473hscj0n9q,"20,000"
1,WINTER-638a11,erd1570n8uaczgf8adkp7weqsufs2phqndszz5nspzqq8dna06avlf2q034v6l,"80,000,000"
2,WINTER-638a11,erd1z24a6g3t9j3l04cc9rmvrrj3mefuwa0u9434nth6m7tjuf62m8csmtq8up,"20,000"
3,WINTER-638a11,erd1n493ddp0v465e3qm80a56sjmxpcnd0humkz4fjmu8ph9heskh2usvetm78,"20,000"
1,WINTER-02c741,erd1422hlml6w2t2lfvswgyv03de058kps3n4m8m0cnxgqdrh5m4egkq8zeya6,"80,000,000"
2,WINTER-02c741,erd1rg428w3kgxhkklmwwjsen252gszhaydwqlaeh7lxq43cw46ljfwqtr3jwe,"20,000"
3,WINTER-02c741,erd1g65ux8kuq9xv34f5hczdch398sp79zf75tezzalhnr2m0rmmlhkq7k983d,"20,000"
1,WINTER-450095,erd1yrdtj8q2295xzm0a9q6ejug3dvlxg9v4srup8xuqnhg3yzm5hakq8m26vk,"80,000,000"
2,WINTER-450095,erd1pwx89w2f6zgmjaqjveyp0v4fx32jgvx5l69r8gw27f50xqvgv5sqfmmq69,"20,000"
3,WINTER-450095,erd1pup7epdqhlmt4q99eskups86a3880473ylf0zvp0tmn7d8r785jqfklmu6,"20,000"
1,WINTER-312d18,erd1gc5nat2py8qk0k63vnj7ets0pp37h0jenjttx4hqwdgvyqdrjawsz56l7n,"80,000,000"
2,WINTER-312d18,erd1vm4jyd2dnsgt4nf52npzxp5add3wl34kq35y4ygp6tsahvl3y3zsf3drw5,"20,000"
3,WINTER-312d18,erd1662gl8yxecq4wd4whwm38m3ruzcjfa3qgtmv9dmwrnnqndezn80sujmgag,"20,000"
1,WINTER-03c72f,erd1ayrs3p7c4zv0fh75l34txswhgx7zuk5t067ykp6wwxz6a93stq8sjff4kt,"83,000,000"
2,WINTER-03c72f,erd1f0dwxpl3vxe936cla2mkky7nym4g3xn4vgfz497dpupqul8uktzshxqj5l,"20,000"
3,WINTER-03c72f,erd1uryqezahrew0u9v2f3qp09tjppujcqmc5fz304pj4slqnh6uh6kshumnq6,"20,000"
1,WINTER-58b267,erd1w70f8llwuw6z3c8xcsyjngh7u7pt70s04aa2c553rz4jax4sykysrxzzex,"84,450,000"
2,WINTER-58b267,erd1umzx2wqaalnzfjcu0jnhw22x6kj7t5wt2q2jx0y8klfja3q82k5sl3c6ad,"70,000"
3,WINTER-58b267,erd1lcut6fn2crcjy7tzsjuspa94nqjyvews4hyvclr3cy9zzyan2qzsvj4548,"70,000"
1,WINTER-e94c55,erd1s6whaznv3vxmjqqn5stu7wtqqqery8xt5ax43wl5jywp8qrdsrvqcaeq6f,"85,420,000"
2,WINTER-e94c55,erd1an4xpn58j7ymd58m2jznr32t0vmas75egrdfa8mta6fzvqn9tkxq4jvghn,"40,000"
3,WINTER-e94c55,erd1czgky3rcqggezg6zan5k2c9sfnwlh644jc26t6vud256ack9xaaqvhqddm,"40,000"
1,WINTER-99e3bc,erd1d9u0zth0hr3yh9szhk0t969gkqnyjl0unkjwl4jmezllf8h78wqqjy9n5l,"85,920,000"
2,WINTER-99e3bc,erd1kyle4p6chlvj0u6fyds7wj47jqwq6kh9h083kw8j76254l8u49dqepfz86,"40,000"
3,WINTER-99e3bc,erd19za77n4lunnuudnjsfa87ctus6nrxc4uyn4y4zh7lww9u4rd3j7slvgmnp,"40,000"
1,WINTER-03ed8c,erd1jvch655u7egt93vqj54ea2mxp4fsqr6v5gwftwg8qd06dwllq7vq2mkggc,"87,270,000"
2,WINTER-03ed8c,erd1kyle4p6chlvj0u6fyds7wj47jqwq6kh9h083kw8j76254l8u49dqepfz86,"40,000"
3,WINTER-03ed8c,erd1an4xpn58j7ymd58m2jznr32t0vmas75egrdfa8mta6fzvqn9tkxq4jvghn,"40,000"
1,WINTER-1a96ee,erd1rxww6fdpg9mqtguyvnqujmmqf6w6asq58mkpxp9z730rqjef2gnqmxshw6,"87,690,000"
2,WINTER-1a96ee,erd1pnj89uav3f2k23qc7rd4g89waxyca2ggduwen4w2e5tlgndppe2s2qc5p8,"30,000"
3,WINTER-1a96ee,erd1pnn8zvg8gwm3uzxy7md24dcjneuyag8hwsyznn3ny4qvep9fzexqy8c8a0,"20,000"
1,WINTER-9d9d7c,erd17mr66f4668a5fpzwclg6wz56mqhyt695s6jhzmmx5yqv6efq87wqqx2t0m,"87,959,999.9999"
2,WINTER-9d9d7c,erd12vyt4mxufmf3a409vhq5sdnhx83vg5cnuwrq57ys0pgkdyzadw9qxuxncu,"30,000.0001"
3,WINTER-9d9d7c,erd1kl25c3k7zrjdeh4q6ga3nc4ehrw8ljpdyagp4ffhq8j9x3avmsqq2wc49x,"20,000"
1,WINTER-3b4dfc,erd13gvn0ms8mmrkalvsqswkmcd25gq2d5635yfh7lwqnplk6f6saxgqtanvt3,"87,990,000"
2,WINTER-3b4dfc,erd1xn24xtl8nfc0klesd34ng2haf9sv4ur5fs5w3usjm70fdfvsnvqstcq4c3,"20,000"
3,WINTER-3b4dfc,erd1jdk9s3qrgx7j6a66rwv4w8qz987lrmr77uy5lnrtmu3nxvpapdjsy3arr6,"20,000"
1,WINTER-e0b173,erd1wmqxvn2phpj02d3v2dgsrqvkutyh4ycxxa6nunylpjaeyvljfjxsqlxwc3,"88,070,000"
2,WINTER-e0b173,erd1v6tv0ewvjwhurwe3y6z99679vh3alsvcss8fhlfv6q7apexu7x6qgsrcqg,"20,000"
3,WINTER-e0b173,erd1hqmwuwmuwrl05l0z8lqnzcce4leh4m6qlfakscql3066xw23xgasksy4yl,"20,000"
1,WINTER-563357,erd1vpk49clg8nwgkzteahhzm3nqxst69tqs0z4su5554qagwlmtm43qzntp4a,"88,420,000"
2,WINTER-563357,erd1qk2ycrxe9kmyp5v3xdn95x5h6te44nwgrgd3w58nrkfl6w4lemjqcpu3mm,"20,000"
3,WINTER-563357,erd13rsnhscl5gkvl6mcg27jkkz00spk62c7yflj7mfhl5ky9um8zkvspdk5hq,"20,000"
1,WINTER-6aefc7,erd10xt8y56mvpge9gpn6skerdkfnhy507t9rvu9gqyqudx59jf7er3sqcf7gc,"88,410,000"
2,WINTER-6aefc7,erd12zqm3nzfh4lflmq02z5e8ndczp6rtrs8juf4nzhg6vkc0r9czx2qvrnqqr,"20,000"
3,WINTER-6aefc7,erd1k7z090zvune8lduxdadheyvvztlvuxehc6zmr8pn0jx6k3gawg8qlhecd3,"20,000"
1,WINTER-dfc9a0,erd16tgcg48v3mj44myfy6msu0443fyrgw7epk6y5xevvj9c28nntu7svsl3hz,"88,450,000"
2,WINTER-dfc9a0,erd1y8vrjryd9zgf3evmmsv28ye57glqyvuyr8dal983fxftym8khxdq75yguw,"20,000"
3,WINTER-dfc9a0,erd1vvrsmf78jq22afdp4nr9dk7fr702szja44k8g0ldxnw6qp5cu6dsv8zmhr,"20,000"
1,WINTER-24c02b,erd17ka3st74ugcll89ql0pwkv0fnf55a88f90ut8vmvs3mgd47xuuhq5rg9fl,"88,440,000"
2,WINTER-24c02b,erd10q5p2u5s8ydv5ald445jkk42pkps24ct8xramcc8j4my9fduwynsjgmppu,"20,000"
3,WINTER-24c02b,erd1ms046azja8c2a5kne2xhyh8ds0872mgzychv2aq6ukwekjzxwz4spymqpw,"20,000"
1,WINTER-2f6bcd,erd1x4j6e9nmdyhlev0lcufldmfdpyeaz5eav7thr0gsrqtuvkxs3yjqkx8nd2,"88,440,000"
2,WINTER-2f6bcd,erd1c8g62heejg8rggf63l2gypj3ej68dhndnq3dl0j6kfsth0q0nj4snmrarv,"20,000"
3,WINTER-2f6bcd,erd1t96j8dzuu20thdrca8tkcjnee63p3x3cdj7a8rpctcfnjs02kq6sncucc2,"20,000"
1,WINTER-f1e637,erd1r0yhtfw6z5whtrhvrz75a59ekvwlch7607khya0uwxmvcw4rkcsqycfnma,"88,990,000"
2,WINTER-f1e637,erd14c7vzqj2266trk728e0pzgyrs5dd0ncf7hu6pe2pl2qldvm6ywcqfeamrs,"10,000"
3,WINTER-f1e637,erd14g0su8xnhuyf0u3rky980zhp6jkwgfwr6jzvfmlp9qud799eldwqsl3hj5,"10,000"
1,WINTER-4f8d6d,erd1urvf0d07aftt8kd3pkjqc5zl6cyz887y8wvvmxnaceadn3h6l6tqqf0vke,"90,000,000"
2,WINTER-4f8d6d,erd1zyrg5z2m6g6u3p2cz69pclw4mg5z836y7h0k9x9eejyldvmyqetq8ts23u,"10,000"
3,WINTER-4f8d6d,erd1wuqnrk9l5pct6uaurjh6tgfvlyxx0600vqachajx30dtvyq6940qpz2e8t,"10,000"
1,WINTER-5062cc,erd1kgarc3ppdn6y0llrkwly3jjg60qcsqaqm0ka0kmxey9txsp7y8aqj6muc4,"90,000,000"
2,WINTER-5062cc,erd1kyle4p6chlvj0u6fyds7wj47jqwq6kh9h083kw8j76254l8u49dqepfz86,"10,000"
3,WINTER-5062cc,erd17f9p03mzzlp6uaarr8cug8j7fd44v8u7wuj5d9yry8ddptkxfm0q6ukmel,"10,000"
1,WINTER-ce763d,erd1z5cpd8vapfvescq576ptw2u9vhft574ggeglq5jx29kc4uk0zhdquvnac3,"90,000,000"
2,WINTER-ce763d,erd1zussjurq9vckllqa78xmru24frzp9l49fxt7gzc7uqzms5dumyhsn38qxx,"10,000"
3,WINTER-ce763d,erd1e94050masuhyv7hd3x8jlg8xrzdkm3cts8jhaw84hkfjrwgx4apsafu2ec,"10,000"
1,WINTER-fd400b,erd14gz00cf6qk5gecnk2xd5z28e9uf48ahuygzjnt5vgydwvkfkss2qm4ww70,"90,000,000"
2,WINTER-fd400b,erd19es4nzjk3mdfn5l042yu573fg68gwar0jhfsnmruhdjcwe4x3swqfa3y4j,"10,000"
3,WINTER-fd400b,erd18yjy76xq0w8rvvdx25luzfrlanwtqxl9vxp8glydvf4z25x9a3gq6ttdl5,"10,000"
1,WINTER-72ce61,erd17knmtzd2cu8zut9xj6m6fr5zynvshfde3me5lnrn24h0wzxdk8es6at4xz,"90,000,000"
2,WINTER-72ce61,erd19jq44evxpgudy2vqgm6q5vu3jqntcd5z4wlvccqp95090wdqusequck94a,"10,000"
3,WINTER-72ce61,erd1u49p4jurzdprh4tenx2g3wkwea47k86ax575kll72974r7qy7vhq4gpusp,"10,000"
1,WINTER-13a45e,erd1lhvunzll5dxxttlaprfafcjldxjngstmq04d7pkmckhtwh4rm7zq8l6xyh,"90,000,000"
2,WINTER-13a45e,erd13p3x94z7cc4hjzjx40m7m76gw5f5ek8lehssn2h7u7hkxcrqk6asaxvqsh,"10,000"
3,WINTER-13a45e,erd15ew4u8kmkatty6ar44qauhmxeaydgfhk6r42tk2gr0sww3ekkzqsflrexy,"10,000"
1,WINTER-44f2b5,erd1q8w3ju88dxxaj82rzlj7wlak35xweegudvkuhrcskynd4elxclkqfhljqj,"90,000,000"
2,WINTER-44f2b5,erd13axzlhkl5mrhj6rys50tt8q0y96c43h7hdhmjw8xx9m89gsl8trs65chn6,"10,000"
3,WINTER-44f2b5,erd169j3y05ng8ql8dz4xjm3xy5dke0ftxjqx0j8jte7ja98z4eyrnqsc6tkfl,"10,000"
1,WINTER-1075bd,erd1twqsnsm6wqwge6sx8att7cxjsu6498yk7as97pcwee8wjs90n3lqqlr8hf,"90,000,000"
2,WINTER-1075bd,erd1yj98hu0ccea0praq0u2kwgefk28aelgjcjsamt9eqkugsarqz7rswfs8xj,"10,000"
3,WINTER-1075bd,erd1u3h09nkjtacv7ycsmqa6r9mgz0t7jwg76v2ekgnhze67aefc05msrnce5d,"10,000"
1,WINTER-4b4989,erd1qfvtyxee6dm3vw8t3atqxqjcn9vsz630agaydzue03vmphzw6dkqt03r2y,"90,000,000"
2,WINTER-4b4989,erd1klnzn64ymn3negtx0anpjgqu0cxkd4adt5crud5pqgrjeehrwn5sj9seve,"10,000"
3,WINTER-4b4989,erd15u6mwqzfamfe2pvu0c44z2pj5maug5avn37mzaz0r4zdw7ygyfdsepkx2k,"10,000"
1,WINTER-7b5554,erd19q586tm8k5vzjwsmmy7v85e2yc899wqulw5pur0k377ueylckzls0gaflu,"90,000,000"
2,WINTER-7b5554,erd16pxpj0tpxnzqlex2635wlehunskz5l8fxge5c70f780gt76vf2mq0xgxd2,"10,000"
3,WINTER-7b5554,erd17vhjpyakh7zjpr9f9ac4s0aq4x7fdm0j92kne7w8z8ll2g7vxp9qjsd8z3,"10,000"
1,WINTER-a513e7,erd1m9qn7zf5m2a83nejv6fnmqlxan0ft9vlthqal8hzgxfdqcjz40vqj538hn,"90,000,000"
2,WINTER-a513e7,erd1m8h0657p5sfq545nynsgmrsk2t0cu9r4em06sq7ayj3ypjn3f5cszatlrn,"10,000"
3,WINTER-a513e7,erd1e66pxm85psx3sj43e0e0m3nm0a3zdu7d4h6p7ref03q8ncjcsqqsl90rk4,"10,000"
1,WINTER-cbfbc6,erd1jpkkmxx3xyp6glwvjcxqgycgr3rfmt2chttavsdlern4ncvvx27qnrl54w,"90,000,000"
2,WINTER-cbfbc6,erd1y4wcewrv2t8kchk5tj9j3fkwzax8zfk033fw8ypsz7065a73r5kqnmj92t,"10,000"
3,WINTER-cbfbc6,erd1476npnuyrhmch0nxra2cv5rexgq0d044fc2tve8hzc9wuaxl9gcqcucn7u,"10,000"
1,WINTER-37a258,erd1lu2vzfznxj5httlny994emlp9tnvj6ku9yatcv7g2z5rc0p6j96sjhsz9r,"90,000,000"
2,WINTER-37a258,erd1tjzd869kaxs8faw2wchjnq2tksv09cama0fv7crngz5vzjr08p2s4u3cwc,"10,000"
3,WINTER-37a258,erd1d69c0nk09e7sfh6fltv7pdwzk4gk0pyarwhx9x0mc4dpvdwnd8esj4z3kv,"10,000"
1,WINTER-a26dfb,erd10jl8el930pu87jcflrwtsvr5qnynrh923wwyapdkevv92n88qeaqqdhdns,"90,000,000"
2,WINTER-a26dfb,erd15w50hktnkk53z0ajggdsm5zmkukkwzv2f29lyy99tgwug3ylc87q2ys5na,"10,000"
3,WINTER-a26dfb,erd1f339wqgj09j6yf79m0ae85syjaljxsfgasuwfe33g22jmyjvep6qsm0w6n,"10,000"
1,WINTER-18b040,erd12ykrzk4l3ryymzlu48e8leu59gt9xddsh8w46k0va9rt0e7gfvgshrm4kv,"90,000,000"
2,WINTER-18b040,erd1eztz9vqs2rpqrfn3qflhe4vtxst8kp3zp6rh7zl42mac504ey4esgzkgcs,"10,000"
3,WINTER-18b040,erd16kcy53l3m5598wk26cmxl6pkp7a9hkkn2vrrc25dyhtuas5lfjjsn89tdf,"10,000"
1,WINTER-4794dc,erd1j2pkg7ecf9a6zj97mc84affkcuf020lw6sp5x8ectne32xssz6tsfdvqfp,"90,000,000"
2,WINTER-4794dc,erd14c5ac2f6su7flnmxvtgsu6220wf5rle8vpttw7h04xy0vgxtcs9s3qsde5,"10,000"
3,WINTER-4794dc,erd12vlgsez9g0nur8r4dsnmm9drmuczcfasj3ut437ra6e8txg449gsk03hhg,"10,000"
1,WINTER-163449,erd1tdtmne98k5e4qkunfapy882xm2vzjwa6yqytl5h0z7cqe3j5j04sl5z3zl,"90,000,000"
2,WINTER-163449,erd1u49p4jurzdprh4tenx2g3wkwea47k86ax575kll72974r7qy7vhq4gpusp,"10,000"
3,WINTER-163449,erd1k2n6t5k4sgmkrzca547rz88yx8gvaxwn6dyltu30n8hwhfs4674qhxetpd,"10,000"
1,WINTER-a02f86,erd1ndlycc04p3s0m0susmqj0q6ex2c2f8f9jpgvret5ymdclsaxup6qzxue4e,"90,000,000"
2,WINTER-a02f86,erd16hxp7rq9749t6249we8z36dxefcaqxzlknyfpq22sz8w3ka0rurqhg2r6r,"10,000"
3,WINTER-a02f86,erd14dgenryfu32lp0cqul8vzcghaj4cu7admuj7g22ek8dxngnh2s9qsgqvsz,"10,000"
1,WINTER-5320a8,erd1k5m2nv508ekzkxt3kcnpy8fel50p2q9nvvtp50ey3lalc2mpnw0qsvw5q4,"90,000,000"
2,WINTER-5320a8,erd1rqjjr44l25fycfj6v8nazpjwmd6jy6ffsettrn5re3qhmt26zt3s8peu6q,"10,000"
3,WINTER-5320a8,erd1zussjurq9vckllqa78xmru24frzp9l49fxt7gzc7uqzms5dumyhsn38qxx,"10,000"
1,WINTER-6ea24a,erd1t0qfwn2hjtwmty99qg5r2mnjwtky6zerrzswf72902ehymd9k05s02dyf4,"90,000,000"
2,WINTER-6ea24a,erd18dyrck90aw5tysr0xp40nqcq442g77027phfdgpx3a8yhmnd9feqqp40gr,"10,000"
3,WINTER-6ea24a,erd1zp0lg9xyks7wq7r3vcas3pczy95g7fyu803nwxu9zgylhzq5jghqszmr08,"10,000"
1,WINTER-0f7efe,erd16jetyr8eqgq2nydxlurh4hawzpc8rf7ts03nc6qym9x7wdhm9etqe7zr34,"90,000,000"
2,WINTER-0f7efe,erd13p3x94z7cc4hjzjx40m7m76gw5f5ek8lehssn2h7u7hkxcrqk6asaxvqsh,"10,000"
3,WINTER-0f7efe,erd17vp6uu5wwl7py06lyju0f67gev2jg8xfq03l9rrfcunj3n6cfmrsjwet2p,"10,000"
1,WINTER-0ea5ac,erd12whgeerxcdt2y3ggzyfyjqjmxakqv4nxr4hj60gx5mx4r3mssy9s3vs2sg,"90,000,000"
2,WINTER-0ea5ac,erd1ltxa6v6h493f4nvveqdcp8v07dpk7kj05deheht4f77aaheg82xq680mlx,"10,000"
3,WINTER-0ea5ac,erd1zjytxegef3z6j2lh5auuyufr9ywf8klur7j06g7e0p7940a790zqe2cnx3,"10,000"
1,WINTER-ca2868,erd1j69407n29v8jql85a7gx2vgqs63c529t0nu7uy66aqadsjkme3nq4zs8rr,"90,000,000"
2,WINTER-ca2868,erd14tvkdrm0yar86uwwfsync0u5s94x3uy7zwuntwfht2k3640esceqmm7rgf,"10,000"
3,WINTER-ca2868,erd1wqaf5wysc3dq30f2mt2uycm2tv6k5xzz6rjrlcns4swtgc3fdu3qguy2hp,"10,000"
1,WINTER-e5d2d8,erd1w6d4rcfz2shzhnut372c6tvlf83p3cf0dsld9p900ftkggxsfess6nuk50,"90,000,000"
2,WINTER-e5d2d8,erd1uh67c2lkhyj4vh73akv7jky9sfgvus8awwcj64uju69mmfne5u7q299t7g,"10,000"
3,WINTER-e5d2d8,erd1druhx6hye93kwqut58zhcpn6q2pktpzltj5up3zwlzgrcr6dkwsqfknwzh,"10,000"
1,WINTER-1e1a19,erd1nux08lqew7f3t8jz6ytapxxv3pgueqn4p24hrwdmhvlcwtvwed9qptvs34,"90,000,000"
2,WINTER-1e1a19,erd1cc9hq9h53c8un4j9xkj3spzla8pshv4cy9r74atue6h8wyfpszpsxtqpgj,"10,000"
3,WINTER-1e1a19,erd18h22lu76pdlkna924zed24d6qpfz36vy0zapcmuljmss4g0wqf2sg9njyc,"10,000"
1,WINTER-3124ed,erd1yaqvt5lgwkpy0u3g5y6q9l62qzp2vd93xsnge4v76h5vrn6c896qk4jcud,"90,000,000"
2,WINTER-3124ed,erd1kc6gj678apkl02k8e3wzye2g65uyqcfrnpza7ths8en7w0hs6z4qx2fdu7,"10,000"
3,WINTER-3124ed,erd1ac90uqqqvqg9sgshg6kdgx3hdy8pry5rmasuz0c6myjqg5pgse9qg72y8t,"10,000"
1,WINTER-8ecad8,erd14elcm7wlkhyz25yyly05wz2qx79u4vgvvhrv52grafhxsfmlhutqvq8snf,"90,000,000"
2,WINTER-8ecad8,erd1sle9utzzde2lf282g8nuykezu2fta5k9zvmay4rtuykclkch3t7szr6l3t,"10,000"
3,WINTER-8ecad8,erd1w3c0lqy8af6v27pq4qzn87t9glr33fk9qyym6mkye07gsn5xyanstvm0d9,"10,000"
1,WINTER-73c4af,erd1hf64gjf24ernlcxzyavrz8lajg6ef9chp3h8u4ytwzv4sz8xkjxq0q9va6,"90,000,000"
2,WINTER-73c4af,erd1dp7hqlvg7y5629yx0m2rmn0c64070tfgej9f5etmsfrne4m0t4zqhhmkgr,"10,000"
3,WINTER-73c4af,erd1hp4rw553tl8h6622jdltd0ud4tu35yx2c87vy3ktxnfwtma8fvqqanef8r,"10,000"
1,WINTER-f1e22b,erd1wcs5cm2t9wuzqrva4pzuauaue5thwxf0aqesw72ankq6rl6m9ljstnjy20,"90,000,000"
2,WINTER-f1e22b,erd1ltxa6v6h493f4nvveqdcp8v07dpk7kj05deheht4f77aaheg82xq680mlx,"10,000"
3,WINTER-f1e22b,erd19609t04vala3vu076curueadyg6zuzw9pkrwqu965m73mjkgr7jqseuxr2,"10,000"
1,WINTER-ab1c2a,erd15kfg456kjzzdr83rca9kwhl5pmmxa5d0xqwp40tp5v4mapyyrccq2n4q55,"90,000,000"
2,WINTER-ab1c2a,erd1aew0ezftm354wvlzycdh9m7m044qhdvtt4qwycz3spa5nnypsp4sj69xt6,"10,000"
3,WINTER-ab1c2a,erd16tgcg48v3mj44myfy6msu0443fyrgw7epk6y5xevvj9c28nntu7svsl3hz,"10,000"
1,WINTER-e6b024,erd1fp70w6fyswzjww3nw68hhxa0ewevzkp25xnar56up9z9k67pvakqyja64z,"90,000,000"
2,WINTER-e6b024,erd152u47en7w509r8uf7z7yqnvpnmsk06yqnpmykfcyc0ch4ws9n6hs6cm43q,"10,000"
3,WINTER-e6b024,erd12z8k02x9p3vyf3fhx697u4k7jdhctnquu76w36mhqmgg0h2vs70slvzfzr,"10,000"
1,WINTER-5f1a87,erd1j0u5csyxmsd23mcx5rqyzlljc5pkr8uhaqa9ug5az0rsdgtnqxpssqucgm,"90,000,000"
2,WINTER-5f1a87,erd1xxft0w34kvfnv5dmfp9dghu4wsmj94tgkdmf0l6rmkzzek5slqzq0ulkum,"10,000"
3,WINTER-5f1a87,erd19ukl272vt78e4hgg3z6w96t3395srnsnlew9fufhv8c3y05l8y2qzgh9q6,"10,000"
1,WINTER-203fa0,erd1u8ux9htkjrdykx7evmqw94xt9mset0t9jly2pr6y3ty2k8yjn48qk2q7mp,"90,000,000"
2,WINTER-203fa0,erd1ex7m959hg2quhhr7v3drr3hyq6u84w8dr3lwrlymfajyzduy98gs7la875,"10,000"
3,WINTER-203fa0,erd1l52el8xfytphlml2j47svw9dzrv89l5cff2u3g356lm3e9khwjesfmu8wz,"10,000"
1,WINTER-3efa97,erd15crl3swg6kat52d2sp78atzrgsfj76kyu2a6rflgunsemfqmqgfqyntl33,"90,000,000"
2,WINTER-3efa97,erd1al6pr6hmztreyr6ckqsuva7svsfl8yp63000ncgxrmqjt4udassqthlays,"10,000"
3,WINTER-3efa97,erd1kl25c3k7zrjdeh4q6ga3nc4ehrw8ljpdyagp4ffhq8j9x3avmsqq2wc49x,"10,000"
1,WINTER-c27ab7,erd14twxcfu35063u5f2xzat4fmln0dg6dwemsaqyjhd3u8p33tttc2sqwrz4e,"90,000,000"
2,WINTER-c27ab7,erd1gjam6pzjk9cz580xs9vyh3uahmqhae0gkqd0jmvh56rr0kkzlkfsluycfa,"10,000"
3,WINTER-c27ab7,erd1ysy3ajgelrcgqzfaxl9npcndxpx27slqs3c94ujts6m48avsmjsscrmce8,"10,000"
1,WINTER-e7db4d,erd1gkpw3rxnh4nhmnutjjf7ew6juh78tuekq30xnxum6ktjwnkmlzgq6akha5,"90,000,000"
2,WINTER-e7db4d,erd1wqaf5wysc3dq30f2mt2uycm2tv6k5xzz6rjrlcns4swtgc3fdu3qguy2hp,"10,000"
3,WINTER-e7db4d,erd1cq574ulw0hw43pmlc84n4dkctdhpvh0ewuf9akca3e3p5wfqaymqgfsxht,"10,000"
1,WINTER-043b15,erd1jvch655u7egt93vqj54ea2mxp4fsqr6v5gwftwg8qd06dwllq7vq2mkggc,"95,160,000"
2,WINTER-043b15,erd1hrh4gdjc506v5mhd74lv44mmwha66a4tk4mnjse48ka20ddatmyq42n5jy,"10,000"
3,WINTER-043b15,erd1qd2049htxlv40ffaces69vacd43u3kqfugg3g7knvy7c7kzsa02q2mdkv9,"10,000"
1,WINTER-8d89a7,erd17ecnnlkpe3s4f4vav7akye3umrc59xgeajuac0pyyc56kqk67qcs56ayx8,"95,980,000"
2,WINTER-8d89a7,erd12hrxrkucflhr9c2s7lanhnhv2m7xzr4cvcmaryxydspspdvdfyks0yk5ps,"20,000"
3,WINTER-8d89a7,erd1d4sldd7a2hpqkfhnyl2kmcfg45sf8gtf5lz8m9nu5e8nlwgfm9asyj2g8l,"20,000"
1,WINTER-6d8f1a,erd1xu8cj2z0tuwtflkqsmkjkse4wj4df8t5gt5f4wzck5277tcyeykqdjxacj,"96,150,000"
2,WINTER-6d8f1a,erd1pup7epdqhlmt4q99eskups86a3880473ylf0zvp0tmn7d8r785jqfklmu6,"10,000"
3,WINTER-6d8f1a,erd13xsdkqytfuthgfaq867sr0n5sxhvn0twmmlkrd8c29ltvw59d27s2dud48,"10,000"
1,WINTER-4b927e,erd19rcnsfx6dj3r3xngy2vly4ml37p57maa3v42nf4a6dfz86e2ytxqx8ary5,"96,180,000"
2,WINTER-4b927e,erd1p9nuf922ddpak2u87hws8xc3sk03clwx7y6plgmwnp7qe4ttd4gq3adj3p,"10,000"
3,WINTER-4b927e,erd1rc5p5drg26vggn6jx9puv6xlgka5n6ajm6cer554tzguwfm6v5ys2pr3pc,"10,000"
1,WINTER-a4dec4,erd1ce7dn300pefdh7ryk62prp3gwv49v2kck8kt52fxt5dr79xplh6qsem2lz,"98,080,000"
2,WINTER-a4dec4,erd152n7elmc7q3awlc8etlacpfwd6mmdkywly393f95dr47au4hnecsr7ryme,"10,000"
3,WINTER-a4dec4,erd1mdvj4jt6hv83pedd080zlvlug2raax3u97dv6y08qnexwm0qkcwqruh0m4,"10,000"
1,WINTER-331c98,erd1c9ujjdz3nd5hyuyndup55am7ndggnqsttej86eu2ckqrq2jsry4q8s3p08,"98,990,000"
2,WINTER-331c98,erd1r022k0jj9egpk09qhklgcy0thqw70a9l64usmmntlx6xn58ghwysdv6de3,"10,000"
3,WINTER-331c98,erd1ngmq2rgxr2sulwpjptzq9ghaq93w3ax5vr0l922fx0782arkchwsf9dhgv,"10,000"
1,WINTER-7265b3,erd1sm0hja2xm4rhlwr6ash6egzv90d52r0ryznusq6ktachdj45sq4qs7fy84,"98,990,000"
2,WINTER-7265b3,erd1xn24xtl8nfc0klesd34ng2haf9sv4ur5fs5w3usjm70fdfvsnvqstcq4c3,"10,000"
3,WINTER-7265b3,erd1jtvqua9dsk66gjmvgpum3xgn8yr3szjpv6p633a834n6djmlms5strsha0,"10,000"
1,WINTER-553258,erd17rn5z20407uwa5vx35wp9zr69flxsrlc8ch5g39g8zzj6c5h87dqn6lwnp,"98,990,000"
2,WINTER-553258,erd1zyrg5z2m6g6u3p2cz69pclw4mg5z836y7h0k9x9eejyldvmyqetq8ts23u,"10,000"
3,WINTER-553258,erd1esxfqm3ydspedt47rsd8e0pyk9fq3va4xsm5r0uzy5c6l6qvlvfqw44gq6,"10,000"
1,WINTER-dff374,erd1r0yhmh0w4f7d34c0m3f6e5n0y96vrgw7suw8n3xr5zfp358vynps3jce40,"98,990,000"
2,WINTER-dff374,erd1tve05qac6ralzrkma5euy6hpgpee3rpgw0cf7kntnpzxq3wj7yfswhwrck,"10,000"
3,WINTER-dff374,erd1sy3ycm7hm0n4hnjdf3gs3ljz602mvw76e0ev3uk6mt508hhxalqsm768hq,"10,000"
1,WINTER-c0d933,erd1w70f8llwuw6z3c8xcsyjngh7u7pt70s04aa2c553rz4jax4sykysrxzzex,"99,900,000"
2,WINTER-c0d933,erd17vjrhjgqq25j8hhhvr959hg8fazrj04kcu26jqdvyt863wa3kkgqnkxvuj,"10,000"
3,WINTER-c0d933,erd13fxp9pycj8ejrkcsc830crzegqa5ffuffq0347c77ce6lh7ymzmqmxmep9,"10,000"
1,WINTER-59738e,erd1wmqxvn2phpj02d3v2dgsrqvkutyh4ycxxa6nunylpjaeyvljfjxsqlxwc3,"100,000,000"
1,WINTER1-67db5b,erd14t4sm8dtev6m6hem9lptfxv0zuxm5u53680rnn96hqap9lde8cwq94wwzm,"100,000,000"
1,WINTER-234f4b,erd1a4enn3xacjuz7g00mnzppca8mvefuwppkst7jpvjyglzvvjajzqq0dcln6,"167,378,891,305,463,966,557,690,498,100,000"
1,WINTER-e469ce,erd1a4enn3xacjuz7g00mnzppca8mvefuwppkst7jpvjyglzvvjajzqq0dcln6,"100,000,000"
1,WINTER-e17cf0,erd17rn5z20407uwa5vx35wp9zr69flxsrlc8ch5g39g8zzj6c5h87dqn6lwnp,"100,000,000"
1,WINTER-1926f6,erd1qva5gpmhezyleaz0qsz2nk5mt5c55j4lxazcet0hpkqp5hw6dxgqzl9d2w,"100,000,000"
1,WINTER-43c52a,erd1ssczpufd9nmc8cm4qqcqea8yk7c4tsg4r2x4kvj360kzygw3eh6qrn6x0m,"100,000,000"
1,WINTER-19c225,erd1w0h8jrtf9k0a3sjlw5vveqd3xkq0fh0s2c6x707gfsy3qat2vjmqupmyy4,"100,000,000"
1,WINTER-3d87ce,erd12elctn4m5jjv8ef2cf2exs6kr95shq3jy7gpt9nmzcrg8cxe6jfq9pag8q,"100,000,000"
1,WINTER-fdf444,erd1kaq3448x9yd6jpyxq6jfefg9k30kt8ctx3twe9zjljjys8euxaqql2n977,"100,000,000"
1,WINTER-a331e4,erd1nux08lqew7f3t8jz6ytapxxv3pgueqn4p24hrwdmhvlcwtvwed9qptvs34,"100,000,000"
1,WINTER-73430e,erd1jvch655u7egt93vqj54ea2mxp4fsqr6v5gwftwg8qd06dwllq7vq2mkggc,"100,000,000"
1,WINTER-c69417,erd1qva5gpmhezyleaz0qsz2nk5mt5c55j4lxazcet0hpkqp5hw6dxgqzl9d2w,"100,000,000"
1,WINTER-d5b0c2,erd17knmtzd2cu8zut9xj6m6fr5zynvshfde3me5lnrn24h0wzxdk8es6at4xz,"100,000,000"
1,WINTER-f367b9,erd1sm0hja2xm4rhlwr6ash6egzv90d52r0ryznusq6ktachdj45sq4qs7fy84,"100,000,000"
1,WINTER-7dc1ba,erd17ka3st74ugcll89ql0pwkv0fnf55a88f90ut8vmvs3mgd47xuuhq5rg9fl,"100,000,000"
1,WINTER-36d5e4,erd1lsy364hcyzcc6wxdr0k53wqartmw0v50nvv8sw62wrar7apsgvqqhuyvyk,"100,000,000"
1,WINTER-b42b94,erd19pn7jv0u5tju0s6l8pa02vc2s7g77hl9c8y0xju2wm8z9da756zq8p9s9y,"100,000,000"
1,WINTER-cc5c74,erd1422hlml6w2t2lfvswgyv03de058kps3n4m8m0cnxgqdrh5m4egkq8zeya6,"100,000,000"
1,WINTER-35feef,erd17ecnnlkpe3s4f4vav7akye3umrc59xgeajuac0pyyc56kqk67qcs56ayx8,"100,000,000"
1,WINTER-ba0d14,erd1kjx53e2hyxkqpqfru3d5zywh5tlmwhe569g0mcwmzx4esr3tc3mqxw9hq3,"100,000,000"
1,WINTER-69dd51,erd1qmjw3ka75s7rua4lmfrapgj7s493klxuypk2tx3md7d2kldf96ls09n9zl,"100,000,000"
1,WINTER-f42cd6,erd1au089zprjshpd3xzxw6kws47amatkxxvqdd2uh2g5nj2u9ey3e6qvkgfqe,"100,000,000"
1,WINTER-5bb7d2,erd17rn5z20407uwa5vx35wp9zr69flxsrlc8ch5g39g8zzj6c5h87dqn6lwnp,"100,000,000"
1,WINTER-61ba03,erd12elctn4m5jjv8ef2cf2exs6kr95shq3jy7gpt9nmzcrg8cxe6jfq9pag8q,"100,000,000"
1,WINTER-a1f6d2,erd13gvn0ms8mmrkalvsqswkmcd25gq2d5635yfh7lwqnplk6f6saxgqtanvt3,"100,000,000"
1,WINTER-abd9b5,erd1sm0hja2xm4rhlwr6ash6egzv90d52r0ryznusq6ktachdj45sq4qs7fy84,"100,000,000"
1,WINTER-0423e4,erd1pkw3gkdhuk4aayueu6x9ke7rgv268gcf4zr7xdf25hmtyvxdu5vsddn9gg,"100,000,000"
1,WINTER2-a376f8,erd1gm9z8k7esvv8j9ty5xm7urgahjpalg7kp63t5jrlqsq6yn9durlqdhn50e,"100,000,000"
1,WINTER-a3990f,erd1a4enn3xacjuz7g00mnzppca8mvefuwppkst7jpvjyglzvvjajzqq0dcln6,"100,000,000"
1,WINTER3-812d7b,erd1hh0vhfg2xtawrmdac9ptm2qkxtyppht82f5f7y8wak4x3pj0n5eqvnzpru,"100,000,000"
1,WINTER-2bf928,erd1r0yhmh0w4f7d34c0m3f6e5n0y96vrgw7suw8n3xr5zfp358vynps3jce40,"100,000,000"
1,WINTER-aa973e,erd1qva5gpmhezyleaz0qsz2nk5mt5c55j4lxazcet0hpkqp5hw6dxgqzl9d2w,"100,000,000"
1,WINTER3-e7cc03,erd128ajccdzxra069ah5fsm3f32esmt0tw6yp5du4f2d6l6yl2ucu4qa5q5xc,"100,000,000"
1,WINTER2-e7cc03,erd128ajccdzxra069ah5fsm3f32esmt0tw6yp5du4f2d6l6yl2ucu4qa5q5xc,"100,000,000"
1,WINTER-0096d4,erd1m27jp6ft3w4dn8ajxmd6cvau57kp302femz9ux3s569q90da6pgqdvltwm,"100,000,000"
1,WINTER-209e35,erd1wh5wp49u8f2thrx3p4tgkmmg0uulu07e95v0wzddggkf85q4vjaskaw856,"100,000,000"
1,WINTER-9b348d,erd1w0h8jrtf9k0a3sjlw5vveqd3xkq0fh0s2c6x707gfsy3qat2vjmqupmyy4,"100,000,000"
1,WINTER-2696da,erd10ynxufyxqg34qzkvp8rmesekjtc4z7vr5h33j3ad309jnsdq4axq7u7nzx,"100,000,000"
1,WINTER-441de4,erd1yaqvt5lgwkpy0u3g5y6q9l62qzp2vd93xsnge4v76h5vrn6c896qk4jcud,"100,000,000"
1,WINTER-31e69e,erd16jetyr8eqgq2nydxlurh4hawzpc8rf7ts03nc6qym9x7wdhm9etqe7zr34,"100,000,000"
1,WINTER-29f9e2,erd17mr66f4668a5fpzwclg6wz56mqhyt695s6jhzmmx5yqv6efq87wqqx2t0m,"100,000,000"
1,WINTER-d1fe1d,erd1qmjw3ka75s7rua4lmfrapgj7s493klxuypk2tx3md7d2kldf96ls09n9zl,"100,000,000"
1,WINTER-2dece1,erd1uwjda6nulq8fk8v6zfyl7nphqqq86sd0k63yfnctjppv6evn044qwhfq2k,"100,000,000"
1,WINTER-597c1f,erd1w0h8jrtf9k0a3sjlw5vveqd3xkq0fh0s2c6x707gfsy3qat2vjmqupmyy4,"100,000,000"
1,WINTER2-930263,erd144l7a34r3nndg82n5735es0wslprml888cdmw23ed9e3leyvx7lswhmah3,"100,000,000"
1,WINTER-60fda2,erd1qmjw3ka75s7rua4lmfrapgj7s493klxuypk2tx3md7d2kldf96ls09n9zl,"100,000,000"
1,WINTER-f1fc8b,erd10ynxufyxqg34qzkvp8rmesekjtc4z7vr5h33j3ad309jnsdq4axq7u7nzx,"100,000,000"
1,WINTER-b936c4,erd1lhvunzll5dxxttlaprfafcjldxjngstmq04d7pkmckhtwh4rm7zq8l6xyh,"100,000,000"
1,WINTER-36d5e5,erd1lsy364hcyzcc6wxdr0k53wqartmw0v50nvv8sw62wrar7apsgvqqhuyvyk,"100,000,000"
1,WINTER-59d8b3,erd1tv2gurlgx4rmtly9wescnmhjga00mq82rqu8uvp05w8cu45v3ptq20d54v,"100,000,000"
1,WINTER-a1983b,erd1570n8uaczgf8adkp7weqsufs2phqndszz5nspzqq8dna06avlf2q034v6l,"100,000,000"
1,WINTER-29d17d,erd1jvch655u7egt93vqj54ea2mxp4fsqr6v5gwftwg8qd06dwllq7vq2mkggc,"100,000,000"
1,WINTER-5ab09e,erd16jetyr8eqgq2nydxlurh4hawzpc8rf7ts03nc6qym9x7wdhm9etqe7zr34,"100,000,000"
1,WINTER-234858,erd1mngt8dfcnrna8pe6tw75u4297z0w2fz2aqqlfy5wp2jhfjqvg8lq7cw7wy,"100,000,000"
1,WINTER-99e243,erd1lhvunzll5dxxttlaprfafcjldxjngstmq04d7pkmckhtwh4rm7zq8l6xyh,"100,000,000"
1,WINTER-6a36b2,erd10ynxufyxqg34qzkvp8rmesekjtc4z7vr5h33j3ad309jnsdq4axq7u7nzx,"100,000,000"
1,WINTER-cc8aff,erd1c2x73evg5dq3f5n4n6dpw9nu4gycdg4empjphwn33g9akqalzk3qhagq53,"100,000,000"
1,WINTER2-67db5b,erd14t4sm8dtev6m6hem9lptfxv0zuxm5u53680rnn96hqap9lde8cwq94wwzm,"100,000,000"
1,WINTER-713ddb,erd18tzn48u64jvlgcy8rcuzu4nhqez6xlwzqm4s0kj9qxjzep02klpquxlmtr,"100,000,000"
1,WINTER-df9715,erd1tdtmne98k5e4qkunfapy882xm2vzjwa6yqytl5h0z7cqe3j5j04sl5z3zl,"100,000,000"
1,WINTER-7d0d15,erd1c9ujjdz3nd5hyuyndup55am7ndggnqsttej86eu2ckqrq2jsry4q8s3p08,"100,000,000"
1,WINTER-d9861f,erd12elctn4m5jjv8ef2cf2exs6kr95shq3jy7gpt9nmzcrg8cxe6jfq9pag8q,"100,000,000"
1,WINTER-00b554,erd1r0yhtfw6z5whtrhvrz75a59ekvwlch7607khya0uwxmvcw4rkcsqycfnma,"100,000,000"
1,WINTER-504df1,erd1jvch655u7egt93vqj54ea2mxp4fsqr6v5gwftwg8qd06dwllq7vq2mkggc,"100,000,000"
1,WINTER-f60fd3,erd1c2x73evg5dq3f5n4n6dpw9nu4gycdg4empjphwn33g9akqalzk3qhagq53,"100,000,000"
1,WINTER-615665,erd1a8l2cwz3mf69yqpd3jn6rtusfzkv5k6fll7r5edfnw63zs2vzy0sdfxz6m,"100,000,000"
1,WINTER-9d4689,erd16tgcg48v3mj44myfy6msu0443fyrgw7epk6y5xevvj9c28nntu7svsl3hz,"100,000,000"
1,WINTER-209e36,erd1wh5wp49u8f2thrx3p4tgkmmg0uulu07e95v0wzddggkf85q4vjaskaw856,"100,000,000"
1,WINTER-3a5d1e,erd16u8ut4ugqffeye6h4r2uyjgpjlgtwdfyf7zc7hgw7ytk9h6h5awst7h2uh,"100,000,000"
1,WINTER-36d023,erd1sm0hja2xm4rhlwr6ash6egzv90d52r0ryznusq6ktachdj45sq4qs7fy84,"100,000,000"
1,WINTER-28d5ef,erd1vpk49clg8nwgkzteahhzm3nqxst69tqs0z4su5554qagwlmtm43qzntp4a,"100,000,000"
1,WINTER-443a4d,erd1x4j6e9nmdyhlev0lcufldmfdpyeaz5eav7thr0gsrqtuvkxs3yjqkx8nd2,"100,000,000"
1,WINTER-f06423,erd1qva5gpmhezyleaz0qsz2nk5mt5c55j4lxazcet0hpkqp5hw6dxgqzl9d2w,"100,000,000"
1,WINTER-e67d7d,erd1qmjw3ka75s7rua4lmfrapgj7s493klxuypk2tx3md7d2kldf96ls09n9zl,"100,000,000"
1,WINTER-c32af5,erd1lj064fsgwcru0yr0rzlf02l9s7twtd7ef2v53l00hfcrk4hr7dfsglwy39,"100,000,000"
1,WINTER-77b615,erd10ynxufyxqg34qzkvp8rmesekjtc4z7vr5h33j3ad309jnsdq4axq7u7nzx,"100,000,000"
1,WINTER-17bb66,erd1kaq3448x9yd6jpyxq6jfefg9k30kt8ctx3twe9zjljjys8euxaqql2n977,"100,000,000"
1,WINTER-ec62ca,erd1a8l2cwz3mf69yqpd3jn6rtusfzkv5k6fll7r5edfnw63zs2vzy0sdfxz6m,"100,000,000"
1,WINTER-2d2130,erd17mr66f4668a5fpzwclg6wz56mqhyt695s6jhzmmx5yqv6efq87wqqx2t0m,"100,000,000"
1,WINTER-eb33a6,erd1c9ujjdz3nd5hyuyndup55am7ndggnqsttej86eu2ckqrq2jsry4q8s3p08,"100,000,000"
1,WINTER-3d9cdb,erd1c04uvg3jhvwhckfc49a6srsq7xwahevd8u65m9m0dgwz4f5acf4squen8d,"100,000,000"
1,WINTER-23485a,erd1mngt8dfcnrna8pe6tw75u4297z0w2fz2aqqlfy5wp2jhfjqvg8lq7cw7wy,"100,000,000"
1,WINTER-dde105,erd18tzn48u64jvlgcy8rcuzu4nhqez6xlwzqm4s0kj9qxjzep02klpquxlmtr,"100,000,000"
1,WINTER-a19b47,erd1w0h8jrtf9k0a3sjlw5vveqd3xkq0fh0s2c6x707gfsy3qat2vjmqupmyy4,"100,000,000"
1,WINTER2-c8e917,erd1zhwh98gjdxdhxqysg2ka3l4fh9034jnhqph9fe5z4wrkcz0m7rvqnfe46c,"100,000,000"
1,WINTER-43f434,erd1gl7u5w5fsc67dde7n5scjn880e9a9lvzu2tx2a95akvrldnzwlzqrl2xuj,"100,000,000"
1,WINTER-5e280b,erd1sm0hja2xm4rhlwr6ash6egzv90d52r0ryznusq6ktachdj45sq4qs7fy84,"100,000,000"
1,WINTER-5fdfa1,erd1a8l2cwz3mf69yqpd3jn6rtusfzkv5k6fll7r5edfnw63zs2vzy0sdfxz6m,"100,000,000"
1,WINTER-fee1f9,erd1v09dn4ugc3e6sadp99x5m6fj3k3euq8dg8hdy86dcyacr7uwpvys2gt2ly,"100,000,000"
1,WINTER-214724,erd1c9ujjdz3nd5hyuyndup55am7ndggnqsttej86eu2ckqrq2jsry4q8s3p08,"100,000,000"
1,WINTER-4a4d72,erd12d92gr4zkwrxff6anpyh5tl24yx29mwqtwlgg39jqnhmepjlfv3qf48v9d,"100,000,000"
1,WINTER-59833a,erd1w0h8jrtf9k0a3sjlw5vveqd3xkq0fh0s2c6x707gfsy3qat2vjmqupmyy4,"100,000,000"
1,WINTER-18a682,erd1lj064fsgwcru0yr0rzlf02l9s7twtd7ef2v53l00hfcrk4hr7dfsglwy39,"100,000,000"
1,WINTER-7ec0ed,erd1422hlml6w2t2lfvswgyv03de058kps3n4m8m0cnxgqdrh5m4egkq8zeya6,"100,000,000"
1,WINTER-b9f190,erd1qmjw3ka75s7rua4lmfrapgj7s493klxuypk2tx3md7d2kldf96ls09n9zl,"100,000,000"
1,WINTER1-bcb536,erd1wu33a2gt6r95rwn3af50sujzkkq3f5xxgq5m2tsced6j6yxxylcsxfyj0l,"100,000,000"
1,WINTER1-c17cae,erd13xercafvjazp3fvfrw38hc3quu29g8kg2lju8lvfjcchs29gtdkq0zet42,"100,000,000"
1,WINTER-6bde6d,erd10ynxufyxqg34qzkvp8rmesekjtc4z7vr5h33j3ad309jnsdq4axq7u7nzx,"100,000,000"
1,WINTER-0423e5,erd1pkw3gkdhuk4aayueu6x9ke7rgv268gcf4zr7xdf25hmtyvxdu5vsddn9gg,"100,000,000"
1,WINTER-3dd05a,erd1jvch655u7egt93vqj54ea2mxp4fsqr6v5gwftwg8qd06dwllq7vq2mkggc,"100,000,000"
1,WINTER-759611,erd1v09dn4ugc3e6sadp99x5m6fj3k3euq8dg8hdy86dcyacr7uwpvys2gt2ly,"100,000,000"
1,WINTER-bba1d1,erd1gc5nat2py8qk0k63vnj7ets0pp37h0jenjttx4hqwdgvyqdrjawsz56l7n,"100,000,000"
1,WINTER1-5b84ae,erd18ha502j63kzzq5pp6295w2zmrju7nx9tuaj8ffwzmtxvwrnfpf2q8vrlgk,"100,000,000"
1,WINTER-cafd7a,erd1w70f8llwuw6z3c8xcsyjngh7u7pt70s04aa2c553rz4jax4sykysrxzzex,"100,000,000"
1,WINTER-f11290,erd1nux08lqew7f3t8jz6ytapxxv3pgueqn4p24hrwdmhvlcwtvwed9qptvs34,"100,000,000"
1,WINTER-6da596,erd12etr4yvfjn80c9spx0uzypxvfqdzs2xnucjgevx4yh5r00mp429sgax8ss,"100,000,000"
1,WINTER-26f9c0,erd1a4enn3xacjuz7g00mnzppca8mvefuwppkst7jpvjyglzvvjajzqq0dcln6,"100,000,000"
1,WINTER-83c2e1,erd1ayrs3p7c4zv0fh75l34txswhgx7zuk5t067ykp6wwxz6a93stq8sjff4kt,"100,000,000"
1,WINTER-3b18d8,erd1qmjw3ka75s7rua4lmfrapgj7s493klxuypk2tx3md7d2kldf96ls09n9zl,"100,000,000"
1,WINTER-75500b,erd17mr66f4668a5fpzwclg6wz56mqhyt695s6jhzmmx5yqv6efq87wqqx2t0m,"100,000,000"
1,WINTER-74010a,erd1s6whaznv3vxmjqqn5stu7wtqqqery8xt5ax43wl5jywp8qrdsrvqcaeq6f,"100,000,000"
1,WINTER1-6ec14d,erd1rkwjrmkvnzhhc8s2lr7k75zpxl7mdhj2vdq6dmsejqer3mpq6wwqpd0auq,"100,000,000"
1,4011-e68111,erd1jvch655u7egt93vqj54ea2mxp4fsqr6v5gwftwg8qd06dwllq7vq2mkggc,"100,000,000"
1,WINTER-fa527c,erd1v09dn4ugc3e6sadp99x5m6fj3k3euq8dg8hdy86dcyacr7uwpvys2gt2ly,"100,000,000"
1,WINTER-506de8,erd1jvch655u7egt93vqj54ea2mxp4fsqr6v5gwftwg8qd06dwllq7vq2mkggc,"100,000,000"
1,WINTER-82f45c,erd1sm0hja2xm4rhlwr6ash6egzv90d52r0ryznusq6ktachdj45sq4qs7fy84,"100,000,000"
1,WINTER-b42b95,erd19pn7jv0u5tju0s6l8pa02vc2s7g77hl9c8y0xju2wm8z9da756zq8p9s9y,"100,000,000"
1,WINTER3-c8e917,erd1zhwh98gjdxdhxqysg2ka3l4fh9034jnhqph9fe5z4wrkcz0m7rvqnfe46c,"100,000,000"
1,WINTER-5acb8b,erd1u5q0errakh47wy4m5jgt82lnpzat7xkl6ftmxqfva8jjfuky5w2sf0zgz9,"100,000,000"
1,WINTER-4e0c86,erd1kaq3448x9yd6jpyxq6jfefg9k30kt8ctx3twe9zjljjys8euxaqql2n977,"100,000,000"
1,WINTER-5887a2,erd13gvn0ms8mmrkalvsqswkmcd25gq2d5635yfh7lwqnplk6f6saxgqtanvt3,"100,000,000"
1,WINTER3-930263,erd144l7a34r3nndg82n5735es0wslprml888cdmw23ed9e3leyvx7lswhmah3,"100,000,000"
1,WINTER-f0c2ab,erd1a8l2cwz3mf69yqpd3jn6rtusfzkv5k6fll7r5edfnw63zs2vzy0sdfxz6m,"100,000,000"
1,WINTER-ba0d15,erd1kjx53e2hyxkqpqfru3d5zywh5tlmwhe569g0mcwmzx4esr3tc3mqxw9hq3,"100,000,000"
1,WINTER-872cc1,erd1vf2w06qlqrd8802zdk76vpqcdj3z6e8zcftpkr3k9e0x9q55hfrq30k2zy,"100,000,000"
1,WINTER1-c8e917,erd1zhwh98gjdxdhxqysg2ka3l4fh9034jnhqph9fe5z4wrkcz0m7rvqnfe46c,"100,000,000"
1,WINTER-f317b3,erd1c70wf3fhtwmdtfdvmldwjk2kc0zkgfyx4gtwgspmkw4v8er9k3dqvvda3n,"100,000,000"
1,WINTER-ca8f37,erd1ezm7zlywggwdjcwgtccc6qrzu5xtj4wxmm8ggjhckgh63s0uhefqj55yy5,"100,000,000"
1,WINTER-59c5f5,erd1zz22cwn397vk59skpze5ep7nt4w2p446etjg6jf5v4rsq7sz73xq3drkhf,"100,000,000"
1,WINTER-9eae35,erd1jvch655u7egt93vqj54ea2mxp4fsqr6v5gwftwg8qd06dwllq7vq2mkggc,"100,000,000"
1,WINTER-c5440b,erd1q8w3ju88dxxaj82rzlj7wlak35xweegudvkuhrcskynd4elxclkqfhljqj,"100,000,000"
1,WINTER-d72539,erd17knmtzd2cu8zut9xj6m6fr5zynvshfde3me5lnrn24h0wzxdk8es6at4xz,"100,000,000"
1,WINTER-a5ed4a,erd1jvch655u7egt93vqj54ea2mxp4fsqr6v5gwftwg8qd06dwllq7vq2mkggc,"100,000,000"
1,WINTER1-6716c9,erd1mnzhgkpv8uuz37l0vwyquny9z5s2ah85ytcwlpevj4rwdr96j6psfganeq,"100,000,000"
1,WINTER-c6fe4c,erd1w70f8llwuw6z3c8xcsyjngh7u7pt70s04aa2c553rz4jax4sykysrxzzex,"100,000,000"
1,WINTER-bab613,erd13gvn0ms8mmrkalvsqswkmcd25gq2d5635yfh7lwqnplk6f6saxgqtanvt3,"100,000,000"
1,WINTER-adf243,erd1r0yhtfw6z5whtrhvrz75a59ekvwlch7607khya0uwxmvcw4rkcsqycfnma,"100,000,000"
1,WINTER1-3a14bb,erd1xaumlryjn8jdcdp7akwwrhzwcua075lfg5mfhgegj2r0h9h25z3qx0k8vx,"100,000,000"
1,WINTER-5be5f9,erd1yaqvt5lgwkpy0u3g5y6q9l62qzp2vd93xsnge4v76h5vrn6c896qk4jcud,"100,000,000"
1,WINTER-1040f1,erd1jvch655u7egt93vqj54ea2mxp4fsqr6v5gwftwg8qd06dwllq7vq2mkggc,"100,000,000"
1,WINTER-13819e,erd10xt8y56mvpge9gpn6skerdkfnhy507t9rvu9gqyqudx59jf7er3sqcf7gc,"100,000,000"
1,WINTER-a9e7ca,erd1r0yhmh0w4f7d34c0m3f6e5n0y96vrgw7suw8n3xr5zfp358vynps3jce40,"100,000,000"
1,WINTER-9eb8ef,erd1tv2gurlgx4rmtly9wescnmhjga00mq82rqu8uvp05w8cu45v3ptq20d54v,"100,000,000"
1,WINTER-e91081,erd1kaq3448x9yd6jpyxq6jfefg9k30kt8ctx3twe9zjljjys8euxaqql2n977,"100,000,000"
1,WINTER-74ffaf,erd1a4enn3xacjuz7g00mnzppca8mvefuwppkst7jpvjyglzvvjajzqq0dcln6,"184,467,440,737.09551616"
1,WINTER-fcea34,erd14elcm7wlkhyz25yyly05wz2qx79u4vgvvhrv52grafhxsfmlhutqvq8snf,"100,000,000"
1,WINTER-adc546,erd1uwjda6nulq8fk8v6zfyl7nphqqq86sd0k63yfnctjppv6evn044qwhfq2k,"100,000,000"
1,WINTER-234859,erd1mngt8dfcnrna8pe6tw75u4297z0w2fz2aqqlfy5wp2jhfjqvg8lq7cw7wy,"100,000,000"
1,WINTER-9601ed,erd1d9u0zth0hr3yh9szhk0t969gkqnyjl0unkjwl4jmezllf8h78wqqjy9n5l,"100,000,000"
1,WINTER-710fe4,erd1jvch655u7egt93vqj54ea2mxp4fsqr6v5gwftwg8qd06dwllq7vq2mkggc,"100,000,000"
1,WINTER-b4c0d4,erd16rh9qsr36f7hs8rkz33h0au2ftmfc4zvwx0fya9wpxpuwp397rdqkzxa4p,"100,000,000"
1,WINTER-e3f58e,erd1a4enn3xacjuz7g00mnzppca8mvefuwppkst7jpvjyglzvvjajzqq0dcln6,"100,000,000"
1,WINTER-7a96c1,erd1rxww6fdpg9mqtguyvnqujmmqf6w6asq58mkpxp9z730rqjef2gnqmxshw6,"100,000,000"
1,WINTER-432db0,erd12ykrzk4l3ryymzlu48e8leu59gt9xddsh8w46k0va9rt0e7gfvgshrm4kv,"100,000,000"
1,WINTER-6f73b8,erd12elctn4m5jjv8ef2cf2exs6kr95shq3jy7gpt9nmzcrg8cxe6jfq9pag8q,"100,000,000"
1,WINTER-aeb336,erd1a4enn3xacjuz7g00mnzppca8mvefuwppkst7jpvjyglzvvjajzqq0dcln6,"100,000,000"
1,WINTER3-a376f8,erd1gm9z8k7esvv8j9ty5xm7urgahjpalg7kp63t5jrlqsq6yn9durlqdhn50e,"100,000,000"
1,WINTER-8cba64,erd10ynxufyxqg34qzkvp8rmesekjtc4z7vr5h33j3ad309jnsdq4axq7u7nzx,"100,000,000"
1,WINTER-9d7393,erd1yrdtj8q2295xzm0a9q6ejug3dvlxg9v4srup8xuqnhg3yzm5hakq8m26vk,"100,000,000"
1,WINTER-7abde1,erd1w70f8llwuw6z3c8xcsyjngh7u7pt70s04aa2c553rz4jax4sykysrxzzex,"100,000,000"
1,WINTER1-9ad461,erd1xkpllh0xc54dx8pqpgnl037sr6y8ryqnm8np75xgk89zdkmeweaq3xt2x8,"100,000,000"
1,WINTER1-a376f8,erd1gm9z8k7esvv8j9ty5xm7urgahjpalg7kp63t5jrlqsq6yn9durlqdhn50e,"100,000,000"
1,WINTER2-812d7b,erd1hh0vhfg2xtawrmdac9ptm2qkxtyppht82f5f7y8wak4x3pj0n5eqvnzpru,"100,000,000"
1,WINTER-f04624,erd1r0yhmh0w4f7d34c0m3f6e5n0y96vrgw7suw8n3xr5zfp358vynps3jce40,"100,000,000"
1,WINTER-b37a87,erd1qva5gpmhezyleaz0qsz2nk5mt5c55j4lxazcet0hpkqp5hw6dxgqzl9d2w,"100,000,000"
1,WINTER-4fb4c1,erd17ecnnlkpe3s4f4vav7akye3umrc59xgeajuac0pyyc56kqk67qcs56ayx8,"100,000,000"
1,WINTER-2bc59f,erd13gvn0ms8mmrkalvsqswkmcd25gq2d5635yfh7lwqnplk6f6saxgqtanvt3,"100,000,000"
1,WINTER-59c5f4,erd1zz22cwn397vk59skpze5ep7nt4w2p446etjg6jf5v4rsq7sz73xq3drkhf,"100,000,000"
1,WINTER1-930263,erd144l7a34r3nndg82n5735es0wslprml888cdmw23ed9e3leyvx7lswhmah3,"100,000,000"
1,WINTER-14f3c7,erd13gvn0ms8mmrkalvsqswkmcd25gq2d5635yfh7lwqnplk6f6saxgqtanvt3,"100,000,000"
1,WINTER-f317b4,erd1c70wf3fhtwmdtfdvmldwjk2kc0zkgfyx4gtwgspmkw4v8er9k3dqvvda3n,"100,000,000"
1,WINTER-b8e381,erd1840zm332j68tec3n7pmm5tk9n52p0fa3typ82jueyy7y9797fcvsd8e5tw,"100,000,000"
1,WINTER-612226,erd17rn5z20407uwa5vx35wp9zr69flxsrlc8ch5g39g8zzj6c5h87dqn6lwnp,"100,000,000"
1,WINTER-a7c487,erd1v09dn4ugc3e6sadp99x5m6fj3k3euq8dg8hdy86dcyacr7uwpvys2gt2ly,"100,000,000"
1,WINTER3-67db5b,erd14t4sm8dtev6m6hem9lptfxv0zuxm5u53680rnn96hqap9lde8cwq94wwzm,"100,000,000"
1,WINTER2-5cdcf9,erd1znlf9h275kp03sgfwms6d9pzgvr0z9vs908yqzkh2a5a7m5n7dlswpr32z,"100,000,000"
1,WINTER-deefe3,erd1kaq3448x9yd6jpyxq6jfefg9k30kt8ctx3twe9zjljjys8euxaqql2n977,"100,000,000"
1,WINTER-780ada,erd13gvn0ms8mmrkalvsqswkmcd25gq2d5635yfh7lwqnplk6f6saxgqtanvt3,"100,000,000"
1,WINTER-b89cee,erd12ykrzk4l3ryymzlu48e8leu59gt9xddsh8w46k0va9rt0e7gfvgshrm4kv,"100,000,000"
1,WINTER1-ed26bd,erd1ptv3rj0ska9ff6zdz959tym4552d8upggmc084nuv70h0kqqhc6qrv959z,"100,000,000"
1,WINTER-5acb8c,erd1u5q0errakh47wy4m5jgt82lnpzat7xkl6ftmxqfva8jjfuky5w2sf0zgz9,"100,000,000"
1,WINTER-98c61c,erd1ayrs3p7c4zv0fh75l34txswhgx7zuk5t067ykp6wwxz6a93stq8sjff4kt,"100,000,000"
1,WINTER-57a6d5,erd1tdtmne98k5e4qkunfapy882xm2vzjwa6yqytl5h0z7cqe3j5j04sl5z3zl,"100,000,000"
1,WINTER-0f8f90,erd1sm0hja2xm4rhlwr6ash6egzv90d52r0ryznusq6ktachdj45sq4qs7fy84,"100,000,000"
1,WINTER-f9876a,erd1v09dn4ugc3e6sadp99x5m6fj3k3euq8dg8hdy86dcyacr7uwpvys2gt2ly,"100,000,000"
1,WINTER2-c17cae,erd13xercafvjazp3fvfrw38hc3quu29g8kg2lju8lvfjcchs29gtdkq0zet42,"100,000,000"
1,WINTER-924c8e,erd1kaq3448x9yd6jpyxq6jfefg9k30kt8ctx3twe9zjljjys8euxaqql2n977,"100,000,000"
1,WINTER-5e0a5a,erd1w0h8jrtf9k0a3sjlw5vveqd3xkq0fh0s2c6x707gfsy3qat2vjmqupmyy4,"100,000,000"
1,WINTER-d526fc,erd1jvch655u7egt93vqj54ea2mxp4fsqr6v5gwftwg8qd06dwllq7vq2mkggc,"100,000,000"
1,WINTER-5acb8a,erd1u5q0errakh47wy4m5jgt82lnpzat7xkl6ftmxqfva8jjfuky5w2sf0zgz9,"100,000,000"
1,WINTER-4d8ebe,erd17ecnnlkpe3s4f4vav7akye3umrc59xgeajuac0pyyc56kqk67qcs56ayx8,"100,000,000"
1,WINTER-43c52c,erd1ssczpufd9nmc8cm4qqcqea8yk7c4tsg4r2x4kvj360kzygw3eh6qrn6x0m,"100,000,000"
1,WINTER-f120ce,erd1jvch655u7egt93vqj54ea2mxp4fsqr6v5gwftwg8qd06dwllq7vq2mkggc,"100,000,000"
1,WINTER-88d5e5,erd17mr66f4668a5fpzwclg6wz56mqhyt695s6jhzmmx5yqv6efq87wqqx2t0m,"100,000,000"
1,WINTER-1208a4,erd1tv2gurlgx4rmtly9wescnmhjga00mq82rqu8uvp05w8cu45v3ptq20d54v,"100,000,000"
1,WINTER-1d50c5,erd1a8l2cwz3mf69yqpd3jn6rtusfzkv5k6fll7r5edfnw63zs2vzy0sdfxz6m,"100,000,000"
1,WINTER-36d5e6,erd1lsy364hcyzcc6wxdr0k53wqartmw0v50nvv8sw62wrar7apsgvqqhuyvyk,"100,000,000"
1,WINTER-f317b2,erd1c70wf3fhtwmdtfdvmldwjk2kc0zkgfyx4gtwgspmkw4v8er9k3dqvvda3n,"100,000,000"
1,WINTER-ba8a1a,erd1tv2gurlgx4rmtly9wescnmhjga00mq82rqu8uvp05w8cu45v3ptq20d54v,"100,000,000"
1,WINTER1-ad2173,erd1hxfpj5ya86qpf9p07zhjvqd8n6vjqzt3gr24yvp92es8r0yzrr9qz4u89a,"100,000,000"
1,WINTER-0423e3,erd1pkw3gkdhuk4aayueu6x9ke7rgv268gcf4zr7xdf25hmtyvxdu5vsddn9gg,"100,000,000"
1,8508-519e13,erd1jvch655u7egt93vqj54ea2mxp4fsqr6v5gwftwg8qd06dwllq7vq2mkggc,"100,000,000"
1,WINTER-721250,erd1gc5nat2py8qk0k63vnj7ets0pp37h0jenjttx4hqwdgvyqdrjawsz56l7n,"100,000,000"
1,WINTER-662932,erd1a4enn3xacjuz7g00mnzppca8mvefuwppkst7jpvjyglzvvjajzqq0dcln6,"100,000,000"
1,WINTER1-73d10c,erd1peu2p5ezslm4jrjj04tyx0w5nfa64l8h3e5cxz7tgcwh8k77g97sr33aq3,"100,000,000"
1,WINTER1-812d7b,erd1hh0vhfg2xtawrmdac9ptm2qkxtyppht82f5f7y8wak4x3pj0n5eqvnzpru,"100,000,000"
1,WINTER-ae40a0,erd1kaq3448x9yd6jpyxq6jfefg9k30kt8ctx3twe9zjljjys8euxaqql2n977,"100,000,000"
1,WINTER-76c3c6,erd1qmjw3ka75s7rua4lmfrapgj7s493klxuypk2tx3md7d2kldf96ls09n9zl,"100,000,000"
1,WINTER3-c17cae,erd13xercafvjazp3fvfrw38hc3quu29g8kg2lju8lvfjcchs29gtdkq0zet42,"100,000,000"
1,WINTER-209e34,erd1wh5wp49u8f2thrx3p4tgkmmg0uulu07e95v0wzddggkf85q4vjaskaw856,"100,000,000"
1,WINTER1-320793,erd18sfa9h24gtmg8lvrg3uncwng2mthsz0k8n34gmeq5gq2rydgprrs3xjj5u,"100,000,000"
1,WINTER-5c702e,erd12elctn4m5jjv8ef2cf2exs6kr95shq3jy7gpt9nmzcrg8cxe6jfq9pag8q,"100,000,000"
1,WINTER-8cec52,erd1lxmja3msqs0humm3sxdsjzn25ywey9wymsgslud2d0ke2usc4ynsuzwwgm,"100,000,000"
1,WINTER3-5cdcf9,erd1znlf9h275kp03sgfwms6d9pzgvr0z9vs908yqzkh2a5a7m5n7dlswpr32z,"100,000,000"
1,WINTER-779b48,erd1a4enn3xacjuz7g00mnzppca8mvefuwppkst7jpvjyglzvvjajzqq0dcln6,1
1,WINTER-6e617a,erd1w0h8jrtf9k0a3sjlw5vveqd3xkq0fh0s2c6x707gfsy3qat2vjmqupmyy4,"100,000,000"
1,WINTER-59c5f3,erd1zz22cwn397vk59skpze5ep7nt4w2p446etjg6jf5v4rsq7sz73xq3drkhf,"100,000,000"
1,WINTER-31ff6b,erd10ynxufyxqg34qzkvp8rmesekjtc4z7vr5h33j3ad309jnsdq4axq7u7nzx,"100,000,000"
1,WINTER-e26722,erd1r0yhtfw6z5whtrhvrz75a59ekvwlch7607khya0uwxmvcw4rkcsqycfnma,"100,000,000"
1,WINTER-1d01f1,erd1a4enn3xacjuz7g00mnzppca8mvefuwppkst7jpvjyglzvvjajzqq0dcln6,"100,000,000"
1,WINTER-f74cb8,erd1a8l2cwz3mf69yqpd3jn6rtusfzkv5k6fll7r5edfnw63zs2vzy0sdfxz6m,"100,000,000"
1,WINTER-152a95,erd1a4enn3xacjuz7g00mnzppca8mvefuwppkst7jpvjyglzvvjajzqq0dcln6,"100,000,000"
1,WINTER-7389c1,erd17mr66f4668a5fpzwclg6wz56mqhyt695s6jhzmmx5yqv6efq87wqqx2t0m,"100,000,000"
1,WINTER-9334fb,erd14elcm7wlkhyz25yyly05wz2qx79u4vgvvhrv52grafhxsfmlhutqvq8snf,"100,000,000"
1,WINTER3-bcb536,erd1wu33a2gt6r95rwn3af50sujzkkq3f5xxgq5m2tsced6j6yxxylcsxfyj0l,"100,000,000"
1,WINTER-4bac43,erd17mr66f4668a5fpzwclg6wz56mqhyt695s6jhzmmx5yqv6efq87wqqx2t0m,"100,000,000"
1,WINTER-b68cc8,erd1tv2gurlgx4rmtly9wescnmhjga00mq82rqu8uvp05w8cu45v3ptq20d54v,"100,000,000"
1,WINTER-c8d366,erd1q8w3ju88dxxaj82rzlj7wlak35xweegudvkuhrcskynd4elxclkqfhljqj,"100,000,000"
1,WINTER-b42b96,erd19pn7jv0u5tju0s6l8pa02vc2s7g77hl9c8y0xju2wm8z9da756zq8p9s9y,"100,000,000"
1,WINTER-693444,erd1fnwvw82etpk766wqgedka238agsgrcz3cjc4cs0j7qx84d4ep85s6az4nc,"100,000,000"
1,WINTER-5a0d9a,erd1v09dn4ugc3e6sadp99x5m6fj3k3euq8dg8hdy86dcyacr7uwpvys2gt2ly,"100,000,000"
1,WINTER-98d8c6,erd1qva5gpmhezyleaz0qsz2nk5mt5c55j4lxazcet0hpkqp5hw6dxgqzl9d2w,"100,000,000"
1,WINTER-8baa40,erd12elctn4m5jjv8ef2cf2exs6kr95shq3jy7gpt9nmzcrg8cxe6jfq9pag8q,"100,000,000"
1,WINTER-d38661,erd1w70f8llwuw6z3c8xcsyjngh7u7pt70s04aa2c553rz4jax4sykysrxzzex,"100,000,000"
1,WINTER-a4aff2,erd1v09dn4ugc3e6sadp99x5m6fj3k3euq8dg8hdy86dcyacr7uwpvys2gt2ly,"100,000,000"
1,WINTER2-bcb536,erd1wu33a2gt6r95rwn3af50sujzkkq3f5xxgq5m2tsced6j6yxxylcsxfyj0l,"100,000,000"
1,WINTER-ba0d16,erd1kjx53e2hyxkqpqfru3d5zywh5tlmwhe569g0mcwmzx4esr3tc3mqxw9hq3,"100,000,000"
1,WINTER1-5cdcf9,erd1znlf9h275kp03sgfwms6d9pzgvr0z9vs908yqzkh2a5a7m5n7dlswpr32z,"100,000,000"
1,WINTER1-e7cc03,erd128ajccdzxra069ah5fsm3f32esmt0tw6yp5du4f2d6l6yl2ucu4qa5q5xc,"100,000,000"
1,WINTER-bbb1b4,erd1tv2gurlgx4rmtly9wescnmhjga00mq82rqu8uvp05w8cu45v3ptq20d54v,"100,000,000"
1,WINTER-234270,erd1a4enn3xacjuz7g00mnzppca8mvefuwppkst7jpvjyglzvvjajzqq0dcln6,"100,000,000"
1,WINTER-a7bafa,erd1570n8uaczgf8adkp7weqsufs2phqndszz5nspzqq8dna06avlf2q034v6l,"100,000,000"
1,WINTER-3a1753,erd1qva5gpmhezyleaz0qsz2nk5mt5c55j4lxazcet0hpkqp5hw6dxgqzl9d2w,"100,000,000"
1,WINTER-fd9f48,erd16933p5c07ja66texccclgadc4n4lshr5gufs7e8vdcfhxvk9mplqc3h0tg,"100,000,000"
1,WINTER-c26125,erd1qxgxz52sc03zstj4jgy93ckzsdskdlad88m3c87swdju6stkq3yqnhegut,"100,000,000"
1,WINTER-4ed319,erd15azl5qy88ksm4aasqarkmsuajaqpf6jujku8syvw8xjjysadfknsj5n896,"100,000,000"
1,WINTER-43c52b,erd1ssczpufd9nmc8cm4qqcqea8yk7c4tsg4r2x4kvj360kzygw3eh6qrn6x0m,"100,000,000"
1,WINTER-7d2509,erd1a8l2cwz3mf69yqpd3jn6rtusfzkv5k6fll7r5edfnw63zs2vzy0sdfxz6m,"100,000,000"
1,WINTER-5a1652,erd1wfsu9024zjm9wrnecsnquhrhsvvgevahv36zq9kkj97pyzrwdvfqftmn4v,"100,000,000"
